UNIQUE_ID,group,nameInPhylogeny,gbifID,decimalLongitude,decimalLatitude,year,institutionCode,collectionCode,catalogNumber,recordNumber,recordedBy,CHELSA_01,CHELSA_02,CHELSA_03,CHELSA_04,CHELSA_05,CHELSA_06,CHELSA_07,CHELSA_08,CHELSA_09,CHELSA_10,CHELSA_11,CHELSA_12,CHELSA_13,CHELSA_14,CHELSA_15,CHELSA_16,CHELSA_17,CHELSA_18,CHELSA_19,region,elevation
nan123019667,C1,,123019667,-75.35,-10.53,2002,FTG,Herbarium,133934,,A. Monteagudo,12.83,6.6,64.02,83.02,17.11,6.73,10.38,13.53,11.33,13.56,11.33,2213.9,333.98,61.05,50.48,969.6,210.68,881.91,210.68,sEC_nPE,2749.25
3.76E+13,C1,,1836727875,-75.35,-10.53,2002,US,Botany,3629773,3757,"A. Monteagudo, C. Mateo & G. Ortiz",12.82,6.6,64,82.96,17.08,6.72,10.4,13.52,11.32,13.53,11.32,2198.67,332.4,60.61,50.08,963.45,209.74,871.76,209.74,sEC_nPE,2702.25
4.49E+13,C1,,1836736558,-75.37,-10.53,2003,US,Botany,3629775,4488,"A. Monteagudo, C. Mateo, G. Ortiz & C. Rojas",13.12,6.69,64.06,83.48,17.41,7.01,10.4,13.81,11.61,13.9,11.61,1789.26,268.12,48.12,50,777.18,166.27,708.84,166.27,sEC_nPE,3082.23
nan1259167153,C1,,1259167153,-75.33,-10.52,2003,MO,MO,1906951,,Abel Monteagudo,14.8,6.6,63.75,82.54,19.07,8.67,10.4,15.45,13.25,15.5,13.25,1913.81,287.43,54.05,50,826.3,186.62,741.65,186.62,sEC_nPE,1912.85
nan1259167366,C1,,1259167366,-75.33,-10.5,2002,MO,MO,1907138,,Abel Monteagudo|Carlos Mateo|Gregorio Ortiz,12.62,6.6,64.07,82.04,16.88,6.52,10.3,13.3,11.1,13.35,11.1,2383.87,354.45,67.65,50,1031.59,229.48,958.6,229.48,sEC_nPE,1682.92
nan1259167387,C1,,1259167387,-75.35,-10.53,2002,MO,MO,1907156,,Abel Monteagudo|Carlos Mateo|Gregorio Ortiz,12.83,6.6,64.02,83.02,17.11,6.73,10.38,13.53,11.33,13.56,11.33,2213.89,333.97,61.05,50.48,969.59,210.68,881.9,210.68,sEC_nPE,2749.2
Monteagudo Mendoza 45761259167079,C1,,1259167079,-75.45,-10.65,2003,MO,MO,1906879,Monteagudo Mendoza 4576,Abel Monteagudo|Carlos Mateo|Gregorio Ortiz|Cesar Rojas|Jasmin Opisso,15.42,6.75,63.7,86.95,19.75,9.18,10.6,16.12,13.8,16.18,13.8,1510.22,223.63,38.35,51.77,663.65,129.12,630.39,129.12,sEC_nPE,3357
nan1258495101,C1,,1258495101,-75.25,-10.58,1982,MO,MO,1281616,,Alwyn H. Gentry|David N. Smith,18.46,6.5,63.12,81.74,22.73,12.38,10.35,19.06,16.91,19.13,16.91,1757.96,263.56,52.96,49,756.12,182.89,607.24,182.89,sEC_nPE,1051.52
4.40E+13,C1,,1228448152,-75,-11.5,1997,F,Botany,,4395,B. Boyle,6.44,6.3,63.92,87.82,10.24,0.41,9.88,7.24,4.89,7.31,4.89,1202.88,174.52,35.4,50,514.58,110.7,489.13,110.7,sEC_nPE,5173
Smith 53741261256001,C1,,1261256001,-75.55,-10.58,1983,MO,MO,545185,Smith 5374,David N. Smith,14.24,6.9,64.15,87.05,18.64,7.94,10.7,15.01,12.66,15.04,12.66,1513.82,230.2,35.28,51,663,123.35,569.15,123.35,sEC_nPE,3992
nan1261255903,C1,,1261255903,-75.45,-10.38,1984,MO,MO,545091,,David N. Smith|A. Botlger|H. Botlger,13.48,6.7,64.25,82.47,17.8,7.3,10.5,14.13,11.93,14.2,11.93,2586.17,374.86,72.73,50,1095.11,238.2,1021.94,238.2,sEC_nPE,2132.18
Briceno Huayta 2471257771391,C1,,1257771391,-75.6,-10.32,2010,MO,MO,100423865,Briceno Huayta 247,Edith Briceno|Angela Arapa|Cesar Rojas|H. Santiago,13.69,6.9,64.57,83.82,18.06,7.39,10.7,14.39,12.09,14.39,12.09,2344.45,331.92,63.62,49.68,973.14,200.95,912.17,200.95,sEC_nPE,2504.05
nan123019719,C1,,123019719,-75.28,-10.62,2003,FTG,Herbarium,136305,,H. van der Werff,15.16,6.6,63.55,83.02,19.39,9.09,10.33,15.81,13.64,15.86,13.64,2180.42,331.6,63.97,50,963.5,218.4,870.11,218.4,sEC_nPE,1622.74
nan1259173340,C1,,1259173340,-75.37,-10.63,2003,MO,MO,1912583,,H. van der Werff|Rodolfo Vasquez|Bruce Gray|Rosa Ortiz|Nallarett Davila,15.2,6.65,63.63,85.22,19.5,9.02,10.47,15.9,13.62,15.92,13.62,1427.68,207.79,38.3,51.21,612.98,129.94,592.09,129.94,sEC_nPE,1404.29
nan1259179604,C1,,1259179604,-75.1,-10.58,2003,MO,MO,1918283,,H. van der Werff|Rodolfo Vasquez|Bruce Gray|Rosa Ortiz|Nallarett Davila,22.27,6.4,62.52,77.79,26.54,16.32,10.2,22.72,21.12,22.92,20.72,1890.66,281.91,65.43,49,810.85,208.21,455.31,213.21,sEC_nPE,590.24
5.68E+12,C1,,1836714242,-75.65,-10.35,2003,US,Botany,3697682,568,"J. Perea, R. Francis, C. Mateo & G. Ortiz",9.25,6.9,65.2,84.25,13.62,2.95,10.65,10.02,7.75,10.02,7.75,2423.88,346.4,61.3,50.25,1012.21,194.87,937.21,194.87,sEC_nPE,3004.5
nan1257738073,C1,,1257738073,-75.52,-10.28,2008,MO,MO,100390162,,Jose Ayerbe|Din Heredia,17.02,6.8,63.95,82.06,21.41,10.82,10.6,17.62,15.46,17.71,15.46,1825.25,257.8,54.63,47.46,752.03,174.81,661.58,174.81,sEC_nPE,2099.49
Valenzuela Gamarra 290982269018492,C1,,2269018492,-75.35,-10.55,2015,MO,MO,101124789,Valenzuela Gamarra 29098,Luis Valenzuela G.|Roy Zehnder|Jaime Flores,11.91,6.6,64.09,83.24,16.11,5.76,10.35,12.61,10.35,12.65,10.35,2326.38,348.99,64.51,51,1018.93,220.54,944.06,220.54,sEC_nPE,2895.19
4026nan,C1,incarum-PWS_4026,NA,-75.59,-11.25,NA,Yale Peabody Museum,YU.254917,8628,4026,Patrick W. Sweeney,13.71,7,64.28,87.56,18.1,7.21,10.9,14.41,12.09,14.44,12.09,665.06,90.01,19.8,46,266.02,60.31,263.41,60.31,sEC_nPE,1944.07
4028nan,C1,incarum-PWS_4028,NA,-75.59,-11.26,NA,Yale Peabody Museum,YU.254919,8630,4028,Patrick W. Sweeney,13.02,7,64.38,87.53,17.41,6.52,10.89,13.78,11.42,13.78,11.42,713.15,96.36,21.27,46,286.79,64.31,286.79,64.31,sEC_nPE,2012.05
4029nan,C1,incarum-PWS_4029,NA,-75.52,-11.24,NA,Yale Peabody Museum,YU.254920,8631,4029,Patrick W. Sweeney,16.19,6.9,63.89,88.64,20.49,9.69,10.8,16.89,14.5,16.89,14.5,864.18,119.6,27.82,43.69,351.7,84.78,305.88,84.78,sEC_nPE,1775.21
4030nan,C1,incarum-PWS_4030,NA,-75.51,-11.23,NA,Yale Peabody Museum,YU.254921,8632,4030,Patrick W. Sweeney,16.49,6.9,63.72,89.14,20.87,10.07,10.8,17.27,14.89,17.27,14.89,823.03,112.25,26.64,44,331.09,80.92,292.4,80.92,sEC_nPE,1627.07
nan1259500957,C1,,1259500957,-75.28,-10.92,2003,MO,MO,2210006,,Rocio Rojas,22.64,6.6,62.3,88.7,26.94,16.44,10.5,23.31,20.94,23.39,20.94,1169.22,161.87,42.03,43.75,473.77,127.07,389.72,127.07,sEC_nPE,683
nan1259501000,C1,,1259501000,-75.37,-10.53,2003,MO,MO,2210042,,Rocio Rojas,13.58,6.65,63.93,83.49,17.85,7.45,10.4,14.25,12.05,14.33,12.05,1758.64,264.48,47.72,50,766.26,164.78,695.5,164.78,sEC_nPE,3057.67
Rojas Gonzales 19381259502086,C1,,1259502086,-75.45,-10.43,2003,MO,MO,2211012,Rojas Gonzales 1938,Rocio Rojas|K. Meza|Jorge Lingan|E. Camavilca|M. Villaran,13.94,6.7,64.08,83.32,18.29,7.76,10.5,14.61,12.39,14.66,12.39,1774.53,261.87,47.97,50,762.32,159.98,701.16,159.98,sEC_nPE,3288.24
Rojas Gonzales 19791259502141,C1,,1259502141,-75.45,-10.42,2003,MO,MO,2211078,Rojas Gonzales 1979,Rocio Rojas|K. Meza|Jorge Lingan|E. Camavilca|M. Villaran,9.75,6.7,64.68,83.02,13.98,3.58,10.42,10.46,8.23,10.48,8.23,2398.94,350.41,64.47,50.25,1023.43,213.95,954.87,213.95,sEC_nPE,3171.68
2.78E+14,C1,,1228215222,-75.25,-10.5,2002,F,Botany,,27786,Rod. Vasquez,18.44,6.5,63.23,80.4,22.74,12.37,10.3,19.02,16.87,19.09,16.87,2294.38,337.17,70.87,50,984.43,236.1,836.97,236.1,sEC_nPE,852.25
nan1259503120,C1,,1259503120,-75.28,-10.62,2004,MO,MO,2211978,,Rodolfo Vasquez,15.16,6.6,63.55,83.02,19.39,9.09,10.33,15.81,13.64,15.86,13.64,2180.35,331.59,63.96,50,963.47,218.39,870.07,218.39,sEC_nPE,1622.75
Vasquez Martinez 277861259166249,C1,,1259166249,-75.45,-10.55,2002,MO,MO,1906124,Vasquez Martinez 27786,Rodolfo Vasquez,16.26,6.7,63.68,85.45,20.61,10.01,10.6,16.91,14.66,17.01,14.66,1729.87,254.98,43.37,52,753.48,147.56,718.69,147.56,sEC_nPE,3957
Vasquez Martinez 364671257755530,C1,,1257755530,-75.5,-10.75,2010,MO,MO,100407876,Vasquez Martinez 36467,Rodolfo Vasquez|Rocio Rojas|Juan Perea,18.22,6.8,63.42,89.01,22.62,11.86,10.75,18.92,16.56,18.96,16.56,952.6,140.15,24.45,49,410.77,81.28,373.47,81.28,sEC_nPE,1513.89
"Smith, DN; Canne, J  5750 2517020544",C1,,2517020544,-75.55,-10.45,1984,,Botany,L.3733574,"Smith, DN; Canne, J  5750 ",Smith DN; Canne J,16.45,6.85,64,85.34,20.8,10.15,10.7,17.1,14.85,17.18,14.85,1405.22,204.09,35.15,51,602.75,115.52,567.56,115.52,sEC_nPE,2649.5
Fuentes Claros 156581257676391,C3,,1257676391,-69.03,-14.69,2009,MO,MO,100326873,Fuentes Claros 15658,Alfredo F. Fuentes|D. Alanes|Saul Cusi,11.1,7.3,59.47,135.25,16.01,3.8,12.3,12.2,8.71,12.49,8.71,1158.45,196.33,10.71,67,577.42,39.77,430.92,39.77,sPE_BO,3015.66
Fuentes Claros 172181257706727,C3,,1257706727,-68.64,-14.78,2010,MO,MO,100357879,Fuentes Claros 17218,Alfredo F. Fuentes|E. Cachaca|L. Vaquiata|P. Miranda,18.33,6.9,58.1,135.96,23.13,11.28,11.87,19.61,15.93,19.71,15.93,929.83,145.77,14.75,60,422.14,44.5,355.83,44.5,sPE_BO,1991.31
Fuentes Claros 47241259001378,C3,seemenii-Fuentes_4724,1259001378,-68.25,-14.5,2002,MO,MO,1755383,Fuentes Claros 4724,Alfredo F. Fuentes|et al.,15.86,6.2,57.99,127.79,20.26,9.56,10.66,16.87,13.62,17.12,13.62,1838.25,270.41,38.91,56,800.43,130.9,692.05,130.9,sPE_BO,1444.22
Fuentes Claros 87501260104247,C3,seemenii-Fuentes_8750,1260104247,-68.96,-14.65,2005,MO,MO,2757438,Fuentes Claros 8750,Alfredo F. Fuentes|et al.,12.04,7.16,59.34,133.89,16.94,4.84,12.06,13.14,9.74,13.37,9.74,1531.2,236.4,18.27,61.13,709.06,65.57,582.5,65.57,sPE_BO,2885.93
Fuentes Claros 149011257666231,C3,,1257666231,-68.95,-14.75,2009,MO,MO,100316629,Fuentes Claros 14901,Alfredo F. Fuentes|J. Salas|R. Huasurco,15.84,7.3,59.02,135.4,20.87,8.53,12.4,16.94,13.53,17.24,13.53,792.49,125.26,9.26,62.85,374.2,32.29,297.21,32.29,sPE_BO,2599.71
Fuentes Claros 96871260062176,C3,,1260062176,-68.61,-14.65,2005,MO,MO,2719325,Fuentes Claros 9687,Alfredo F. Fuentes|Tatiana B.  Miranda|Juana Colque|Evert Cuevas,17.09,6.7,58.34,132.51,21.78,10.29,11.47,18.29,14.79,18.39,14.79,1410.23,215.55,26.84,56,633.96,83.43,551.35,83.43,sPE_BO,1898.43
nan1261256009,C2,,1261256009,-72.53,-13.16,1977,MO,MO,545188,,Alwyn H. Gentry,15.96,6.6,59.85,104.04,20.22,9.21,11,16.82,14.1,16.96,14.1,667.39,117.86,10.12,71.36,352.86,32.36,242.93,32.36,sPE_BO,2392.77
Krukoff 112371258831860,C3,,1258831860,-68.22,-15.33,1939,MO,MO,1598540,Krukoff 11237,Boris A. Krukoff,21.56,6.7,56.38,141.36,26.39,14.56,11.85,22.86,19.06,23.04,19.06,1432.58,231.13,30.23,57.75,659.92,90.7,537.49,90.7,sPE_BO,1000
Maldonado Goyzueta 29311259124366,C3,,1259124366,-68.35,-14.6,2002,MO,MO,1868145,Maldonado Goyzueta 2931,Carla Maldonado|Tatiana B.  Miranda|F. Canqui|Remberto Alvarez,17.24,6.3,57.86,130.24,21.71,10.75,10.9,18.45,14.95,18.55,14.95,1176.62,175.39,24,55,515.14,79,452.37,79,sPE_BO,2053.65
Maldonado Goyzueta 30401259107412,C3,seemenii-Maldonado_3040,1259107412,-68.33,-14.55,2002,MO,MO,1851841,Maldonado Goyzueta 3040,Carla Maldonado|Tatiana B.  Miranda|F. Canqui|Remberto Alvarez,17.1,6.3,57.92,129.27,21.53,10.7,10.8,18.3,14.8,18.4,14.8,1181.67,175.32,25.08,54.51,516.04,82.72,454.53,82.72,sPE_BO,1956.27
Cachaca Quispe 1011257692240,C3,,1257692240,-68.89,-15.12,2010,MO,MO,100343004,Cachaca Quispe 101,E. Cachaca|L. Cayola|L. Samo|D. Alanes|P. Calvi|I. Jimenez|P. Machaca|M. M. Mamani,11.42,7.7,58.33,147.41,16.69,3.52,13.2,12.82,8.89,12.92,8.89,644.61,113.19,7.31,66.15,319.04,25.02,245.39,25.02,sPE_BO,2894.55
Canqui Magne 2851259157437,C3,,1259157437,-68.38,-14.59,2003,MO,MO,1898109,Canqui Magne 285,F. Canqui|E. Alvarez|Jose Tito,17.5,6.3,57.9,130.24,22,11.02,10.98,18.72,15.22,18.82,15.22,1145.39,170.9,23.64,54.84,502.7,77.08,441.65,77.08,sPE_BO,2013.77
Canqui Magne 3341259157423,C3,,1259157423,-68.34,-14.57,2003,MO,MO,1898110,Canqui Magne 334,F. Canqui|E. Alvarez|Jose Tito,17.25,6.3,57.9,129.69,21.75,10.85,10.85,18.45,15.05,18.55,15.05,1242.43,185.74,25.98,54.98,545.75,84.95,479.37,84.95,sPE_BO,1991.5
1.22E+13,C2,,1836733955,-72.51,-13.15,2002,US,Botany,3629776,1215,"G. Calatayud, J. Farfan & I. Abarca",11.77,6.6,60.13,104.53,15.99,5.02,10.97,12.7,9.92,12.72,9.92,951.57,168.3,15.57,70.23,499.88,49.59,447.67,49.59,sPE_BO,2899.49
Arellano Torres 1991257686617,C3,,1257686617,-68.97,-14.77,2009,MO,MO,100337336,Arellano Torres 199,Gabriel Arellano|Pablo Soliz|Manuel J. Macia|M. Sullca|R. Huasurco,14.58,7.4,59.06,136.58,19.63,7.13,12.5,15.69,12.18,15.98,12.18,868.16,140.43,8.95,65,419.35,32.46,325.78,32.46,sPE_BO,2999.6
Arellano Torres 2511257694067,C3,,1257694067,-68.96,-14.76,2009,MO,MO,100344889,Arellano Torres 251,Gabriel Arellano|Pablo Soliz|Manuel J. Macia|M. Sullca|R. Huasurco,15.02,7.3,59.06,135.99,20.03,7.63,12.4,16.09,12.63,16.38,12.63,821.26,131.85,8.75,64.44,394.01,31.33,307.68,31.33,sPE_BO,2878.04
Arellano Torres 27851257705337,C3,,1257705337,-68.4,-15.56,2010,MO,MO,100356472,Arellano Torres 2785,"Gabriel Arellano|Pablo Soliz|Oscar Quiroga|J. Salas|B. Apaza|Chacon, Martin",12.61,7.29,56.89,151.14,17.71,4.94,12.79,14.03,10.01,14.13,10.01,1574.15,272.47,26.15,62,765.05,82.44,589.74,82.44,sPE_BO,2617.15
Arellano Torres 17421257698285,C3,,1257698285,-68.35,-15.46,2010,MO,MO,100349268,Arellano Torres 1742,"Gabriel Arellano|Pablo Soliz|Oscar Quiroga|J. Salas|B. Apaza|Coda, Severino",19.77,7.09,56.6,145.65,24.82,12.32,12.49,21.12,17.22,21.27,17.22,1182.43,202.06,17.82,62.68,572.19,57.22,452.6,57.22,sPE_BO,1982.94
Arellano Torres 31621257696093,C3,,1257696093,-68.37,-15.66,2010,MO,MO,100346972,Arellano Torres 3162,"Gabriel Arellano|Pablo Soliz|Oscar Quiroga|Mamani, Juan Carlos|Rogelio Mamani|Chura, Vladimir",16.5,7.3,56.7,150.82,21.71,8.8,12.93,17.91,13.9,18.1,13.9,794.13,141.75,12.13,64.57,397.56,38.82,303.2,38.82,sPE_BO,1973.09
Arellano Torres 5261257686641,C3,,1257686641,-68.98,-14.77,2009,MO,MO,100337337,Arellano Torres 526,"Gabriel Arellano|Pablo Soliz|Pinto, Honorato|Mamani, Santiago|Mamani, Anibal",14.54,7.4,59.14,136.33,19.54,7.04,12.5,15.64,12.14,15.94,12.14,789.98,126.9,8.16,64.66,379.66,30.57,295.68,30.57,sPE_BO,3005.34
nan1259189426,C2,,1259189426,-72.51,-13.15,2002,MO,MO,1927183,,Gloria Calatayud|Jim Farfan|I. Abarca,11.75,6.6,60.13,104.54,15.97,5,10.97,12.68,9.9,12.7,9.9,953.36,168.63,15.6,70.23,500.81,49.69,448.5,49.69,sPE_BO,2900.29
Loza Rivera 18451257705574,C3,,1257705574,-68.76,-15.2,2010,MO,MO,100356705,Loza Rivera 1845,I. Loza|A. Escalante|S. Acha|E. Cachaca|L. Marconi|R. Villanueva|D. Mamani|M. Mamani|M. Cornejo,14.85,7.59,57.8,146.93,20.14,7.04,13.1,16.25,12.34,16.44,12.34,720.02,126.12,9.02,65.1,355.23,29.49,273.76,29.49,sPE_BO,2888.3
Loza Rivera 10821257605906,C3,,1257605906,-68.94,-14.75,2009,MO,MO,100254312,Loza Rivera 1082,I. Loza|S. Acha|M. Reguerin|F. Delgado|F. Miranda,16.66,7.3,59,134.89,21.65,9.33,12.38,17.76,14.33,18.06,14.33,760.14,119.64,9.07,62.31,357.19,31.76,285.35,31.76,sPE_BO,2444.52
Cayola Perez 10431259444818,C3,,1259444818,-68.46,-15.04,2004,MO,MO,2159111,Cayola Perez 1043,L. Cayola|A. Antezana|F. Miranda|C. Cuevas|D. Cuevas,22.03,6.9,57.12,139.8,26.93,14.85,12,23.33,19.53,23.43,19.53,752.78,120.84,13.04,59.83,347.42,39.9,288.34,39.9,sPE_BO,1903.39
Cayola Perez 2671259157324,C3,,1259157324,-68.33,-14.56,2003,MO,MO,1898015,Cayola Perez 267,L. Cayola|et al.,17.26,6.3,57.9,129.49,21.72,10.86,10.8,18.46,15.01,18.56,15.01,1202.63,179.1,25.48,54.62,526.51,83.53,463.14,83.53,sPE_BO,1984.59
Cayola Perez 29841257598965,C3,,1257598965,-68.97,-14.77,2009,MO,MO,100247289,Cayola Perez 2984,L. Cayola|M. Reguerin|Pablo Soliz|J. Salas|Alvaro Ochoa,14.9,7.4,59.02,136.63,19.99,7.49,12.5,16,12.5,16.3,12.5,890.93,144.66,9.31,65,431.33,32.61,334.54,32.61,sPE_BO,2998.42
Quinones Guzman 1311257569314,C3,,1257569314,-68.97,-14.77,2009,MO,MO,100216791,Quinones Guzman 131,L.M. Quinones|Vania Torrez|B. Coaquira|F. Delgado|M. Sullca,13.84,7.4,59.06,137.02,18.89,6.43,12.46,14.95,11.44,15.24,11.44,1009.76,163.41,10.13,65,487.98,36.99,380.38,36.99,sPE_BO,2990.13
Quinones Guzman 83A1257757897,C3,,1257757897,-68.98,-14.78,2009,MO,MO,100410339,Quinones Guzman 83A,L.M. Quinones|Vania Torrez|B. Coaquira|F. Delgado|R. Huasurco,13.83,7.4,59.08,137,18.88,6.38,12.5,14.96,11.43,15.23,11.43,950.05,153.4,9.55,65,458.47,35.26,357.31,35.26,sPE_BO,2999.82
Valenzuela Gamarra 18171259496008,C2,,1259496008,-72.55,-13.2,2003,MO,MO,2205506,Valenzuela Gamarra 1817,Luis Valenzuela G.,11.28,6.65,59.95,106.08,15.58,4.48,11.1,12.2,9.4,12.28,9.4,1394.09,252.97,18.55,73.73,751.93,60.65,663.41,60.65,sPE_BO,2408.25
nan1259190194,C2,,1259190194,-72.84,-12.95,2002,MO,MO,1927845,,Luis Valenzuela G.|Efrain Suclli|Isau Huamantupa,11.26,6.39,61.21,98.67,15.26,4.86,10.4,12.08,9.47,12.16,9.47,1817.11,299.9,29.5,65.85,894.72,98.42,831.7,98.42,sPE_BO,2965.65
Cornejo Mejia 11391257701790,C3,,1257701790,-68.75,-15.21,2010,MO,MO,100352795,Cornejo Mejia 1139,M. Cornejo|E. Cachaca|L. Marconi|Corcino Medina|D. Mamani,15.36,7.55,57.75,146.83,20.66,7.56,13.1,16.76,12.86,16.92,12.86,694.04,121.14,9,65,341.12,29,263.14,29,sPE_BO,2894.51
Villalobos Huanca 561257544238,C3,,1257544238,-68.99,-14.77,2008,MO,MO,100190604,Villalobos Huanca 56,M. Villalobos|Javier Quisbert|Vania Torrez|A. Cerezo|J. Salas,13.07,7.4,59.19,136.92,18.07,5.58,12.5,14.17,10.67,14.47,10.67,773.37,123.03,8,64.04,368.18,30,289.85,30,sPE_BO,3010.02
Paniagua Zambrana ROR-10221259120026,C3,,1259120026,-68.64,-15.19,2000,MO,MO,1864156,Paniagua Zambrana ROR-1022,Narel Paniagua Zambrana|Orellana,16.45,7.38,57.5,145.91,21.59,8.79,12.8,17.74,13.89,17.95,13.89,859.89,152.7,10.89,67.71,425.98,34.66,321.64,34.66,sPE_BO,2146.07
4.02E+13,C2,seemenii-PWS_4020,2273126908,-71.59,-13.18,2019,Yale Peabody Museum,YU.254911,,4020,"Patrick Sweeney, Michael Donoghue, Erika Edwards, Malu Ore",11.31,6.6,58.9,115.06,15.51,4.31,11.2,12.31,9.6,12.41,9.27,1208.6,215.98,24.04,68.52,608.53,80.11,590.17,80.11,sPE_BO,3963.31
4.02E+13,C2,seemenii-PWS_4021,2273126910,-71.59,-13.16,2019,Yale Peabody Museum,YU.254912,,4021,"Patrick Sweeney, Michael Donoghue, Erika Edwards, Malu Ore",13.69,6.6,58.8,114.49,17.87,6.69,11.2,14.67,11.59,14.77,11.59,853.73,146.8,19.25,64.78,414.35,62.47,368.11,62.47,sPE_BO,3738.39
4.02E+13,C2,seemenii-PWS_4022,2273126922,-71.57,-13.12,2019,Yale Peabody Museum,YU.254913,,4022,"Patrick Sweeney, Michael Donoghue, Erika Edwards, Malu Ore",15.31,6.5,58.87,113.37,19.49,8.39,11.1,16.24,13.21,16.39,13.21,1179.84,201.79,26.19,64.9,576.74,84.57,400.05,84.57,sPE_BO,3259.54
4.02E+13,C2,seemenii-PWS_4023,2273126920,-71.57,-13.07,2019,Yale Peabody Museum,YU.254914,,4023,"Patrick Sweeney, Michael Donoghue, Erika Edwards, Malu Ore",17.52,6.5,59.02,111.88,21.71,10.71,11,18.42,15.51,18.61,15.51,1236.08,206.42,31.25,60.06,579.27,100.94,423.82,100.94,sPE_BO,1639.18
4.03E+13,C2,seemenii-PWS_4025,2273126904,-71.57,-13.07,2019,Yale Peabody Museum,YU.254916,,4025,"Patrick Sweeney, Michael Donoghue, Erika Edwards, Malue Ore",17.64,6.5,59.01,111.84,21.84,10.84,11,18.54,15.64,18.74,15.64,1220.48,203.39,31.03,59.97,571.18,100.07,417.75,100.07,sPE_BO,1649.12
Nunez Vargas 77181261256270,C2,,1261256270,-71.5,-13.08,1987,MO,MO,545415,Nunez Vargas 7718,Percy Nunez V.,16.22,6.5,58.9,113.27,20.35,9.32,11,17.25,14.12,17.27,14.12,1820.43,299.17,58.48,54.73,827.51,184.48,623.08,184.48,sPE_BO,2184.68
nan1261256013,C2,,1261256013,-72.6,-13.13,1988,MO,MO,545194,,Percy Nunez V.|F. Motocanchi,18.13,6.6,59.85,102.8,22.43,11.45,10.98,18.98,16.28,19.13,16.28,783.12,139.95,10.25,72.73,418.38,33.78,280.3,33.78,sPE_BO,1790.99
Nunez Vargas 84591261256239,C2,,1261256239,-71.52,-13.15,1987,MO,MO,545395,Nunez Vargas 8459,Percy Nunez V.|J. Arque,13.02,6.55,58.8,114.97,17.2,6.08,11.15,14.05,11.52,14.1,10.95,1601.15,276.1,39.26,61.23,760.51,129.06,759.03,129.29,sPE_BO,3089.27
nan1261519234,C2,,1261519234,-72.52,-13.15,1991,MO,MO,795728,,Percy Nunez V.|N. Alanya|H. Monterroso,13.97,6.6,60.05,104.08,18.22,7.22,11,14.87,12.12,14.94,12.12,803.24,141.54,12.59,70.73,423.56,40.29,317.68,40.29,sPE_BO,2802.59
3.20E+12,C3,,1836733653,-68.52,-14.72,1902,US,Botany,2373437,320,R. S. Williams,18.62,6.6,57.9,133.9,23.23,11.82,11.5,19.82,16.23,19.93,16.23,968.22,149.08,17.13,58.22,432.76,53.39,370.24,53.39,sPE_BO,1960.7
Seidel 9228A1259115071,C3,,1259115071,-68.19,-14.45,2002,MO,MO,1859392,Seidel 9228A,Renate Seidel|et al.,18.2,6.1,57.92,126.19,22.58,12,10.6,19.37,15.98,19.48,15.98,1554.58,227.63,40.21,50.77,677.3,135.84,602.02,135.84,sPE_BO,1141
Miranda Gonzales 2051259117742,C3,,1259117742,-68.38,-14.59,2002,MO,MO,1861956,Miranda Gonzales 205,Tatiana B.  Miranda|Carla Maldonado|F. Canqui,17.48,6.3,57.9,130.24,21.98,11.01,10.97,18.71,15.21,18.81,15.21,1145.64,170.92,23.66,54.83,502.76,77.15,441.72,77.15,sPE_BO,2013.6
Miranda Gonzales 3601259106711,C3,,1259106711,-68.34,-14.57,2002,MO,MO,1851214,Miranda Gonzales 360,Tatiana B.  Miranda|et al.,17.22,6.3,57.9,129.73,21.71,10.82,10.86,18.42,15.01,18.52,15.01,1240.28,185.47,25.92,54.92,544.84,84.75,478.35,84.75,sPE_BO,1994.07
Miranda Gonzales 6671259107476,C3,,1259107476,-68.37,-14.63,2002,MO,MO,1851918,Miranda Gonzales 667,Tatiana B.  Miranda|et al.,17.91,6.4,57.74,131.07,22.41,11.41,11,19.11,15.61,19.21,15.61,1267.26,190.06,25.31,55.01,557.72,83.37,488.21,83.37,sPE_BO,2078.38
Miranda Gonzales 7751259157391,C3,,1259157391,-68.35,-14.6,2003,MO,MO,1898111,Miranda Gonzales 775,Tatiana B.  Miranda|et al.,17.24,6.3,57.86,130.24,21.71,10.75,10.9,18.45,14.95,18.55,14.95,1176.59,175.39,24,55,515.12,79,452.35,79,sPE_BO,2053.55
1.57E+14,C4,,1836733433,-67.73,-16.18,1986,US,Botany,3292554,15670,J. C. Solomon,20.05,6.62,55.61,148.13,25.05,13.05,11.92,21.46,17.55,21.57,17.55,1029.98,175.71,19.06,62.24,504.49,58.11,411,58.11,sPE_BO,1324.75
Solomon 125411261256106,C4,,1261256106,-67.78,-16.23,1984,MO,MO,545281,Solomon 12541,James C. Solomon,16.18,6.9,55.77,153.59,21.25,8.93,12.3,17.65,13.58,17.75,13.58,1302.67,231.69,23.03,64,654.04,69.6,508.96,69.6,sPE_BO,2058.5
Solomon 156701261256054,C4,,1261256054,-67.73,-16.18,1986,MO,MO,545229,Solomon 15670,James C. Solomon,19.93,6.67,55.62,148.27,24.93,12.93,11.97,21.35,17.4,21.48,17.4,1020.37,175.63,18.78,63.22,501.97,57.1,404.06,57.1,sPE_BO,1316.78
Solomon 184361261256077,C4,,1261256077,-67.78,-16.12,1988,MO,MO,545246,Solomon 18436,James C. Solomon,19.56,6.65,55.7,147.61,24.51,12.56,11.92,20.96,17.01,21.09,17.01,1037.51,175.91,21.98,59.48,498.82,66.69,395.58,66.69,sPE_BO,1518.1
Solomon 186941261256153,C4,,1261256153,-68.1,-16.13,1988,MO,MO,545320,Solomon 18694,James C. Solomon,12.2,7.5,56.37,160.21,17.6,4.36,13.25,13.8,9.5,13.83,9.5,1007.45,210.9,10.22,78.79,576.23,32.65,399.62,32.65,sPE_BO,3077.89
Solomon 74861261256085,C4,,1261256085,-68.05,-16.08,1982,MO,MO,545272,Solomon 7486,James C. Solomon,16.48,7.25,56.18,154.69,21.78,8.88,12.9,17.98,13.86,18.08,13.86,679.47,134.27,10,70,368.32,30.5,261.85,30.5,sPE_BO,2593.49
Solomon 93351261256127,C4,,1261256127,-67.72,-16.27,1983,MO,MO,545300,Solomon 9335,James C. Solomon,18.13,6.8,55.65,151.87,23.16,11.01,12.2,19.61,15.56,19.73,15.56,1085.39,177.99,23.66,56.68,510.7,71.74,416.52,71.74,sPE_BO,1869.48
Solomon 116121261256092,C4,,1261256092,-67.72,-16.2,1984,MO,MO,545262,Solomon 11612,James C. Solomon|Job Kuijt,16.87,6.65,55.67,150.43,21.84,9.89,11.92,18.32,14.34,18.42,14.34,1455.53,236.1,31.25,56.98,682.88,95.02,569.85,95.02,sPE_BO,1878.33
Solomon 122231261256050,C4,,1261256050,-67.78,-16.2,1984,MO,MO,545238,Solomon 12223,James C. Solomon|Marie E. Uehling,20.3,6.8,55.7,149.77,25.37,13.15,12.22,21.75,17.75,21.87,17.75,713.14,126.38,13,63.22,356.2,40,276.83,40,sPE_BO,1254.25
Luteyn 135211258831903,C4,,1258831903,-67.8,-16.27,1990,MO,MO,1598543,Luteyn 13521,James L. Luteyn|Laurence J. Dorr,16.25,7,55.8,155.14,21.45,8.93,12.52,17.75,13.65,17.85,13.65,1217.85,222.64,18.02,67.68,628.28,54.05,486.8,54.05,sPE_BO,2213.94
3.74E+14,C4,,1836735210,-67.12,-16.93,1990,US,Botany,3631066,37409,M. A. Lewis,13.03,7.59,55.49,171.62,18.63,5.03,13.61,14.73,10.13,14.83,10.13,952.97,197.45,9.88,78.16,541.86,31.65,380.37,31.65,sPE_BO,2824.62
3.75E+14,C4,,1836729285,-67.13,-16.85,1990,US,Botany,3631069,37473,M. A. Lewis,12.87,7.3,55.46,168.52,18.37,5.13,13.2,14.57,10.07,14.63,10.07,768.66,141.42,15.2,63.75,393.35,46.64,291.35,46.64,sPE_BO,2550.9
3.95E+14,C4,,1836735266,-67.42,-16.77,1991,US,Botany,3631070,39499,M. A. Lewis,8.81,7.59,55.69,174.85,14.41,0.81,13.59,10.41,5.91,10.61,5.91,972.66,226.04,10.9,87,604.78,33.1,573.66,33.1,sPE_BO,3618.4
Lewis 352601260334876,C4,,1260334876,-67.23,-16.72,1989,MO,MO,2967,Lewis 35260,Marko Lewis,14.07,7.1,55.37,163.66,19.34,6.59,12.77,15.67,11.29,15.77,11.29,1155.28,219.1,16.7,68.7,610.52,52.63,454.48,52.63,sPE_BO,2883.35
Lewis 369791261256157,C4,,1261256157,-67.22,-16.73,1989,MO,MO,545327,Lewis 36979,Marko Lewis,15.49,7.1,55.33,162.98,20.79,7.96,12.82,17.06,12.74,17.16,12.74,868.79,168.41,11.48,72.41,470.19,34.95,351.13,34.95,sPE_BO,2971.2
Lewis 373301261255779,C4,,1261255779,-67.23,-16.7,1990,MO,MO,544967,Lewis 37330,Marko Lewis,14.09,7,55.35,162.93,19.34,6.67,12.67,15.72,11.37,15.77,11.37,1199.56,224.4,20.28,66.48,623.69,62.32,461.73,62.32,sPE_BO,2614.07
Lewis 374091261528349,C4,,1261528349,-67.12,-16.93,1990,MO,MO,804057,Lewis 37409,Marko Lewis,13.32,7.57,55.47,171.45,18.95,5.32,13.62,15.02,10.45,15.12,10.45,938.16,194.71,9.48,78.72,534.77,30.45,376.49,30.45,sPE_BO,2827.41
Lewis 374731261529226,C4,,1261529226,-67.13,-16.85,1990,MO,MO,804815,Lewis 37473,Marko Lewis,12.8,7.3,55.48,168.59,18.3,5.07,13.2,14.5,10,14.57,10,801.39,145.1,15.98,62.55,405.02,49.41,303.48,49.41,sPE_BO,2530.52
Lewis 394991261256149,C4,,1261256149,-67.42,-16.77,1991,MO,MO,545317,Lewis 39499,Marko Lewis,9,7.55,55.68,174.41,14.6,1.03,13.55,10.63,6.13,10.8,6.13,996.46,229.39,10.75,87,616.74,33.25,496.35,33.25,sPE_BO,3509.77
nan1261256169,C4,,1261256169,-67.28,-16.8,1991,MO,MO,545337,,Marko Lewis,11.27,7.4,55.55,170.9,16.77,3.45,13.35,12.92,8.45,13.02,8.45,904.08,191.5,12.47,77.95,519.98,38.4,349.75,38.4,sPE_BO,2962.74
Bang 3711261834936,C4,,1261834936,-68.01,-15.75,1890,MO,MO,910972,Bang 371,Miguel Bang,20.58,6.67,56.07,143.52,25.46,13.62,11.88,21.96,18.12,22.06,18.12,1354.06,230.17,24.34,61.18,653.79,75.02,520.32,75.02,sPE_BO,1911.65
1.57E+14,C4,,1042653765,-67.73,-16.18,1986,Instituto Nacional de Pesquisas da Amazonia (INPA),"Botanica, Instituto Nacional de Pesquisas da Amazonia (INPA)",164976,15670,Mike Hopkins,19.47,6.65,55.64,148.49,24.47,12.47,11.95,20.91,16.97,21.02,16.97,1090.28,184.71,20.56,61.81,531.22,62.24,434.6,62.24,sPE_BO,1380.14
Buchtien 1871257703555,C4,,1257703555,-67.62,-16.35,NA,MO,MO,100354594,Buchtien 187,Otto Buchtien,17.7,6.75,55.5,153.12,22.78,10.63,12.15,19.18,15.13,19.3,15.13,1174.91,210.43,19.92,65.02,593.67,59.75,463.1,59.75,sPE_BO,1934.76
Buchtien 2501257703529,C4,,1257703529,-67.75,-16.38,NA,MO,MO,100354602,Buchtien 250,Otto Buchtien,17.24,7.12,55.75,157.87,22.54,9.79,12.8,18.76,14.59,18.89,14.59,797.39,147.28,11.97,67.68,414.8,35.9,320.18,35.9,sPE_BO,2113.25
Buchtien 57591257703579,C4,,1257703579,-67.72,-16.18,NA,MO,MO,100354613,Buchtien 5759,Otto Buchtien,19.36,6.6,55.6,148.36,24.33,12.41,11.9,20.79,16.83,20.93,16.83,1211.79,192.27,25.98,56.18,562.93,78.95,484.13,78.95,sPE_BO,1574.49
Buchtien 7671258831842,C4,,1258831842,-67.61,-16.34,1917,MO,MO,1598531,Buchtien 767,Otto Buchtien,19.9,6.7,55.5,150.82,24.9,12.86,12.1,21.19,17.3,21.5,17.3,855.7,154.8,15.49,64.69,433.37,47.44,331.06,47.44,sPE_BO,1593.83
3883nan,C4,seemenii-PWS_3883,NA,-67.79,-16.26,NA,Yale Peabody Museum,YU.254753,6844,3883,Patrick W. Sweeney,15.54,6.9,55.8,155.16,20.64,8.24,12.4,17.04,12.87,17.14,12.87,1323.16,228.58,24.18,61.8,651.12,72.64,518.93,72.64,sPE_BO,2341.55
3886nan,C4,seemenii-PWS_3886,NA,-67.54,-16.41,NA,Yale Peabody Museum,YU.254756,6847,3886,Patrick W. Sweeney,18.39,6.73,55.43,153.37,23.46,11.29,12.2,19.75,15.79,19.99,15.79,954.62,170.29,18.03,63.34,476.16,54.08,361.99,54.08,sPE_BO,1833.58
3889nan,C4,seemenii-PWS_3889,NA,-67.54,-16.42,NA,Yale Peabody Museum,YU.254759,6849,3889,Patrick W. Sweeney,18.46,6.79,55.46,153.54,23.55,11.36,12.2,19.95,15.86,20.06,15.86,994.56,176.89,18.32,62.96,496.1,55.47,380.76,55.47,sPE_BO,1941.63
3890nan,C4,seemenii-PWS_3890,NA,-67.51,-16.37,NA,Yale Peabody Museum,YU.254760,6851,3890,Patrick W. Sweeney,17.6,6.6,55.37,151.69,22.55,10.64,11.88,19.01,15.01,19.11,15.01,967.15,159.16,24.02,55.51,451.56,75.05,359.41,75.05,sPE_BO,1763.99
3892nan,C4,seemenii-PWS_3892,NA,-67.54,-16.41,NA,Yale Peabody Museum,YU.254762,6853,3892,Patrick W. Sweeney,17.26,6.7,55.48,153.62,22.28,10.16,12.12,18.72,14.66,18.86,14.66,1112.89,196.94,20.45,63.22,554.02,61.35,428.84,61.35,sPE_BO,1816.57
Sinani 1511257893922,C4,,1257893922,-67.8,-16.4,2000,MO,MO,100548535,Sinani 151,R. Sinani,8.97,7.3,56,166.05,14.34,1.29,13.02,10.67,6.22,10.67,6.22,1355.43,255.42,18.27,68.73,714.52,58.3,578.63,58.3,sPE_BO,3411.25
"Solomon, JC  12541 2517300191",C4,,2517300191,-67.78,-16.23,1984,,Botany,U.1047924,"Solomon, JC  12541 ",Solomon JC,16.18,6.9,55.77,153.59,21.25,8.93,12.3,17.65,13.58,17.75,13.58,1302.65,231.68,23.03,64,654.03,69.6,508.95,69.6,sPE_BO,2058.5
"Solomon, JC  7486 2517303228",C4,,2517303228,-68.05,-16.08,1982,,Botany,U.1047922,"Solomon, JC  7486 ",Solomon JC,16.48,7.25,56.18,154.69,21.78,8.88,12.9,17.98,13.86,18.08,13.86,679.46,134.26,10,70,368.31,30.5,261.85,30.5,sPE_BO,2593.5
"Solomon, JC  9335 2517311223",C4,,2517311223,-67.72,-16.27,1983,,Botany,U.1047923,"Solomon, JC  9335 ",Solomon JC,18.13,6.8,55.65,151.87,23.16,11.01,12.2,19.61,15.56,19.73,15.56,1085.72,178.05,23.67,56.68,510.87,71.75,416.65,71.75,sPE_BO,1869.76
Fernandez Terrazas 28521260780200,C5,,1260780200,-66.22,-16.92,2004,MO,MO,3370036,Fernandez Terrazas 2852,Erika Fernandez,15.73,6.5,54.25,159.65,20.54,8.66,11.9,17.26,12.96,17.33,12.96,1397.6,230.16,35.64,53.84,643.42,111.51,514.26,111.51,sPE_BO,2359.47
Teran Aguilar 10501260861611,C5,,1260861611,-65.75,-17.17,2007,MO,MO,3443616,Teran Aguilar 1050,Jehizon Teran|D. Soux|E. Rodriguez,17.47,6.5,53.8,162.88,22.36,10.26,12,18.86,14.66,19.16,14.66,1760.45,300.95,37,60.55,835.65,117.18,625.38,117.18,sPE_BO,1964.32
nan1257856228,C5,,1257856228,-65.83,-17.23,2009,MO,MO,100509850,,Jehizon Teran|D. Soux|M. Aliaga|E. Rodriguez,13.54,6.6,54.12,165.37,18.44,6.19,12.2,15.01,10.69,15.21,10.69,1686.08,316.3,25.08,71.34,879.25,75.49,623.78,75.49,sPE_BO,2467.65
Steinbach G. 92041257705836,C5,,1257705836,-65.82,-17.23,NA,MO,MO,100356967,Steinbach G. 9204,Jose Steinbach,15.13,6.6,54.1,164.11,20.03,7.81,12.2,16.63,12.31,16.81,12.31,1507.7,275.31,24.33,68.43,761.13,74.03,556.44,74.03,sPE_BO,2390.99
nan1259760319,C5,,1259760319,-65.91,-17.19,1995,MO,MO,2445609,,Nur Ritter,11.65,6.6,54.2,166.12,16.55,4.32,12.2,13.32,8.82,13.32,8.82,1974.7,350.83,39.21,63.78,960.67,117.64,722.24,117.64,sPE_BO,2910.73
nan1259760314,C5,,1259760314,-65.98,-17.1,1995,MO,MO,2445602,,Nur Ritter|Garrett E. Crow,14,6.59,54.15,163.4,18.85,6.75,12.1,15.6,11.15,15.65,11.15,1930.74,331.41,42.06,59.54,914.36,129.2,707.41,129.2,sPE_BO,2438.21
3907nan,C5,seemenii-PWS_3907,NA,-65.88,-17.2,NA,Yale Peabody Museum,YU.254777,6865,3907,Patrick W. Sweeney,13.18,6.6,54.14,165.15,18.04,5.84,12.2,14.64,10.34,14.83,10.34,1633.51,308.1,27.72,70.98,855.47,83.4,593.45,83.4,sPE_BO,2644.53
3908nan,C5,seemenii-PWS_3908,NA,-65.86,-17.2,NA,Yale Peabody Museum,YU.254778,6869,3908,Patrick W. Sweeney,14.6,6.6,54.1,164.3,19.45,7.25,12.2,16.01,11.73,16.21,11.73,1426.82,269.6,23.64,71.74,756.88,71.92,512.88,71.92,sPE_BO,2431.7
Jardim 21061261896151,C6,,1261896151,-64.48,-17.9,1995,MO,MO,969184,Jardim 2106,Antony Jardim|J. Richard Abbott,14.93,6.6,52.45,190.35,20.13,7.63,12.5,16.73,11.73,16.88,11.73,800.81,151.37,10.25,76.73,437.02,34,430.66,34,sPE_BO,1945.69
Patzi 256B1260778589,C6,,1260778589,-64.7,-17.84,2004,MO,MO,3368511,Patzi 256B,Cesar Patzi,13.17,6.6,52.9,185.8,18.27,5.87,12.4,15.07,10.07,15.07,10.07,1167.84,226.93,15.79,76.95,641.25,50.63,641.25,50.63,sPE_BO,2360.34
Soto 1201259236293,C6,,1259236293,-64.72,-17.79,2004,MO,MO,1969307,Soto 120,D. Soto|et al.,14.86,6.5,52.73,184.34,19.96,7.58,12.4,16.59,11.76,16.76,11.76,1137.58,215.71,16.15,76,612.99,52.15,611.42,52.15,sPE_BO,2361.95
Soto 271259129949,C6,,1259129949,-64.68,-17.82,2003,MO,MO,1873088,Soto 27,D. Soto|et al.,12.93,6.5,52.89,185.83,18.03,5.72,12.4,14.92,9.83,14.92,9.83,1182.31,228.55,16.9,75.95,645.88,54.66,645.88,54.66,sPE_BO,2466.67
Smith 133411261255792,C6,,1261255792,-64.27,-17.88,1989,MO,MO,544986,Smith 13341,David N. Smith|G. Quintana|Valentin Garcia,15.76,6.5,51.92,193.55,21.08,8.53,12.55,17.76,12.48,17.76,12.48,925.24,170.49,16.93,70.52,489.81,55.76,489.81,55.76,sPE_BO,1833.72
Fernandez Terrazas 1930B1260779431,C6,,1260779431,-64.71,-17.82,2003,MO,MO,3369341,Fernandez Terrazas 1930B,Erika Fernandez,13.89,6.59,52.85,185.11,18.99,6.59,12.4,15.79,10.79,15.79,10.79,1219.36,235.34,17.1,76,665,55.3,665,55.3,sPE_BO,2432.19
Fernandez Terrazas 35041260779261,C6,,1260779261,-64.81,-17.76,2005,MO,MO,3369108,Fernandez Terrazas 3504,Erika Fernandez,12.24,6.5,53.07,182.92,17.34,5.03,12.3,14.03,9.23,14.14,9.23,838.88,159.84,11.28,77.07,460.27,36.57,450.54,36.57,sPE_BO,2654.72
Fernandez Terrazas 35371260779265,C6,,1260779265,-64.77,-17.8,2005,MO,MO,3369109,Fernandez Terrazas 3537,Erika Fernandez,10.38,6.6,53.09,185.12,15.4,3.08,12.4,12.28,7.28,12.28,7.28,1259.12,244.72,16.02,77.9,690.97,51.29,690.97,51.29,sPE_BO,3077.48
Vargas Caballero 29971258831929,C6,,1258831929,-64.53,-17.82,1993,MO,MO,1598577,Vargas Caballero 2997,Israel G. Vargas C.|Antony Jardim,13.24,6.5,52.5,188.3,18.37,6.02,12.4,15.19,10.07,15.19,10.07,1063.51,200.22,17.04,73.52,568.56,55.62,568.56,55.62,sPE_BO,2443.05
Vargas Caballero 13731261256195,C6,,1261256195,-64.42,-17.88,1992,MO,MO,545364,Vargas Caballero 1373,Israel G. Vargas C.|et al.,14.69,6.5,52.32,191.07,19.91,7.41,12.5,16.66,11.46,16.66,11.46,719.88,136.15,11.77,73.5,387.18,38.05,387.18,38.05,sPE_BO,2192.08
Vargas Caballero 23651258831867,C6,,1258831867,-64.63,-17.83,1993,MO,MO,1598525,Vargas Caballero 2365,Israel G. Vargas C.|et al.,12.4,6.52,52.8,187.17,17.52,5.1,12.4,14.32,9.25,14.32,9.25,979.99,186.93,14.77,75,532.51,47.82,532.51,47.82,sPE_BO,2432.75
Vargas Caballero 23711258831835,C6,,1258831835,-64.63,-17.83,1993,MO,MO,1598526,Vargas Caballero 2371,Israel G. Vargas C.|et al.,12.4,6.52,52.8,187.17,17.52,5.1,12.4,14.32,9.25,14.32,9.25,980.01,186.94,14.77,75,532.52,47.82,532.52,47.82,sPE_BO,2432.74
Abbott 171021258363585,C6,,1258363585,-64.53,-17.82,1995,MO,MO,1150741,Abbott 17102,J. Richard Abbott|Antony Jardim,13.32,6.5,52.5,188.3,18.45,6.08,12.4,15.27,10.15,15.27,10.15,1039.95,195.77,16.7,73.35,556.2,54.45,556.2,54.45,sPE_BO,2429.33
Abbott 172281258369622,C6,,1258369622,-64.53,-17.85,1995,MO,MO,1156246,Abbott 17228,J. Richard Abbott|Antony Jardim,13.15,6.5,52.58,188.88,18.32,5.87,12.4,15.12,9.95,15.12,9.95,976.7,185.43,14.53,75,525.5,47.6,525.5,47.6,sPE_BO,2426.49
Carrasco 1141259162009,C6,,1259162009,-64.68,-17.82,2003,MO,MO,1902277,Carrasco 114,J.A. Carrasco|et al.,12.65,6.5,52.84,186.08,17.75,5.39,12.4,14.59,9.55,14.59,9.55,1222.95,236.1,17.82,75.41,667.4,57.52,667.4,57.52,sPE_BO,2510.81
Altamirano 4251260776074,C6,,1260776074,-64.81,-17.76,2005,MO,MO,3366240,Altamirano 425,Juan P. Altamirano,12.26,6.5,53.07,182.91,17.35,5.05,12.3,14.05,9.25,14.16,9.25,838.54,159.83,11.25,77.07,460.16,36.5,450.46,36.5,sPE_BO,2657.67
Munoz 1931260821398,C6,,1260821398,-64.73,-17.84,2003,MO,MO,3407429,Munoz 193,M. Munoz|Rosangela Nunez C.|H. Huaylla,11,6.6,52.96,186.04,16.1,3.61,12.44,12.86,7.85,12.9,7.85,1167.94,228.88,13.21,79.37,646.35,42.69,645.5,42.69,sPE_BO,2764.68
Nee 525021260654709,C6,,1260654709,-64.62,-17.82,2003,MO,MO,3256251,Nee 52502,Michael H. Nee|Moises Mendoza,12.19,6.5,52.75,187.16,17.29,4.94,12.4,14.14,9.06,14.14,9.06,1099.19,208.85,17.04,74.48,594.51,54.62,594.51,54.62,sPE_BO,2700.25
Munoz E. 1371260653395,C6,,1260653395,-64.67,-17.82,2003,MO,MO,3255155,Munoz E. 137,Miguelina Munoz,12.2,6.5,52.8,186.37,17.3,4.92,12.4,14.12,9.07,14.12,9.07,1284.04,247.07,19.03,75,699.16,61.35,699.16,61.35,sPE_BO,2609.74
3903nan,C6,seemenii-PWS_3903,NA,-64.65,-17.83,NA,Yale Peabody Museum,YU.254773,6862,3903,Patrick W. Sweeney,11.99,6.5,52.8,186.86,17.09,4.69,12.4,13.9,8.89,13.9,8.89,1158.21,222.24,17.78,75,632.12,56.79,632.12,56.79,sPE_BO,2580.19
Duran 741260778071,C6,,1260778071,-64.79,-17.79,2003,MO,MO,3368081,Duran 74,Shirley Duran,11.24,6.6,53.01,184.33,16.33,3.94,12.4,13.03,8.14,13.14,8.14,1169.28,226.76,14.92,78.88,646.09,47.68,636.83,47.68,sPE_BO,3043.06
4.07E+13,C6,,1836735681,-64.25,-17.8,1992,US,Botany,3631067,4074,T. J. Killeen & I. Vargas,14.02,6.5,51.97,191.88,19.32,6.89,12.4,16.02,10.79,16.02,10.79,1290.96,232.06,26.28,67,668.14,86.88,668.14,86.88,sPE_BO,2175.5
Carretero 9731260778290,C7,,1260778290,-63.87,-19.52,2003,MO,MO,3368286,Carretero 973,A. Carretero|Julia Gutierrez R.|H. Huaylla|R. Leon|E. Portal,20.03,8.2,50.95,247.38,26.96,10.86,16.1,22.76,16.52,22.76,15.96,916.14,178.03,13,79,507.37,39.97,507.37,40.48,sPE_BO,1212.75
Carretero 11471260775838,C7,,1260775838,-64.33,-19.57,2004,MO,MO,3366015,Carretero 1147,A. Carretero|Reinaldo Lozano|J. Hurtado,12.8,8.9,53.32,240.19,19.6,2.87,16.72,15.21,8.85,15.37,8.85,888.57,174.75,6.52,82.62,496.44,21.55,496.44,21.55,sPE_BO,2422.55
nan417089448,C7,,417089448,-64.75,-22.5,NA,SI,HERB,5245,,"Ahumada, O.",16.35,10.4,49.05,347.85,24.75,3.65,21.15,20.23,12.13,20.23,10.73,807.15,174.87,4.78,92.25,489.48,16.6,489.48,19.85,sPE_BO,1473.75
nan417089480,C7,,417089480,-64.9,-23.67,NA,SI,HERB,6562,,"Ahumada, O.",13.92,9.7,45.27,385.13,22.61,1.12,21.49,17.81,9.17,18.31,7.72,1198.09,268.43,9.54,94.94,743.04,28.74,732.05,30.4,sPE_BO,1750.3
nan417089465,C7,,417089465,-64.72,-22.35,NA,JUA,HERB,209367,,"Ahumada, O.",15.86,10.4,49.45,342.31,24.16,3.16,21.04,19.61,11.66,19.61,10.26,744.42,161.7,4,93.54,457.83,13.12,457.83,14.35,sPE_BO,2181.85
Molina 3361260921945,C7,,1260921945,-63.47,-17.9,2007,MO,MO,3498341,Molina 336,Aquilino Molina,20.31,6.8,50.8,206.81,26.21,12.91,13.3,22.41,18.01,22.41,16.81,1354.57,209.68,46.92,48.98,623.09,146.75,621.91,166.77,sPE_BO,870.49
Lliully 931260778517,C7,,1260778517,-64.53,-20.76,2004,MO,MO,3368426,Lliully 93,Ariel Lliully|E. Portal|A. Tarifa,13.52,10.3,52.62,285.33,21.19,1.59,19.52,16.59,8.88,16.59,8.88,841.62,179.9,2,96.57,523.32,8,523.32,8,sPE_BO,2000.68
Holst 46031261892927,C7,,1261892927,-64.37,-20.83,1995,MO,MO,966249,Holst 4603,Bruce K. Holst|Luzmila Arroyo P.|Martha Serrano,15.24,9.9,51.39,289.4,22.89,3.64,19.2,18.39,10.47,18.39,10.47,970.41,200.41,3,92,580.24,12.93,580.24,12.93,sPE_BO,1826.49
Jordan 191258831880,C7,,1258831880,-64.03,-18.6,1997,MO,MO,1598535,Jordan 19,C.G. Jordan|Y. Kempff,14.01,7.3,52.4,212.65,20.01,6.11,13.9,16.18,10.51,16.31,10.51,716.55,138.96,10.45,77.03,397.05,33.35,391.87,33.35,sPE_BO,2126.7
nan417089543,C7,,417089543,-64.9,-23.68,NA,SI,HERB,231710,,"Cabrera, A. L.",14.84,9.7,45.2,385.99,23.45,2,21.45,18.65,9.32,19.15,8.6,1150.07,257.42,8.48,95.52,713.24,25.97,701.78,26.93,sPE_BO,1704.75
nan814377900,C7,,814377900,-64.93,-22.33,NA,SI,HERB,433684,,"Cuezzo, A. R.",4.33,11.09,51.49,344.58,12.73,-8.77,21.5,8.13,-1.17,8.13,-1.17,1064.93,234.9,5,94.92,667.04,19,667.04,19,sPE_BO,3443.38
Villarroel Segarra 15721257522762,C7,,1257522762,-63.68,-18.24,2007,MO,MO,100165804,Villarroel Segarra 1572,D. Villarroel,18.31,6.9,51.4,210.75,24.17,10.81,13.4,20.52,14.77,20.52,14.77,810.14,140.25,20.66,63,406.87,65.88,406.87,65.88,sPE_BO,1512.37
Villarroel Segarra 1031257522756,C7,,1257522756,-63.71,-18.2,2005,MO,MO,100165785,Villarroel Segarra 103,D. Villarroel|Aquilino Molina|G.A. Parada,18.53,6.8,51.4,209.43,24.33,11.03,13.3,20.73,15.03,20.73,15.03,894,155.31,21.8,63.25,451.18,70.4,451.18,70.4,sPE_BO,1522.96
nan417089462,C7,,417089462,-65.22,-24.08,NA,LP,HERB,316305,,"de la Sota, E. R.",17.06,10,46.2,381.78,25.67,4.07,21.6,20.67,10.87,21.27,10.87,661.78,147.99,6,95.08,407.41,19.11,402.35,19.11,sPE_BO,1248.56
Cervantes 3221257865005,C7,,1257865005,-64.28,-21.41,2008,MO,MO,100519218,Cervantes 322,E. Cervantes|E. Portal|Jeaneth Villalobos,15.59,9.6,49.04,313.39,23.58,3.99,19.6,19.09,10.49,19.09,10.49,884.43,188.43,2,95,544.46,8,544.46,8,sPE_BO,1812
Portal 8751257870782,C7,,1257870782,-64.23,-19.13,2008,MO,MO,100525009,Portal 875,E. Portal|D. Villalobos|L. Villalobos,17.34,8.2,53.1,223.62,23.84,8.34,15.42,19.74,13.64,19.74,13.64,723.31,142.62,5.25,82.8,411.05,16.73,411.01,16.73,sPE_BO,2373.29
nan417089464,C7,,417089464,-64.42,-24.03,NA,LP,HERB,316304,,"Fabris, H. A.",15.15,8.6,41.28,399.6,24.07,3.23,20.9,19.85,10.25,19.85,8.75,1209.76,243.33,9.88,86,678.12,31.88,678.12,35.77,sPE_BO,1371.26
Parada-Gutierrez 48011257861573,C7,,1257861573,-63.74,-18.49,2012,MO,MO,100515185,Parada-Gutierrez 4801,G.A. Parada|M. Betancur|M.T. Martinez|H. Fernandez,18.38,7.1,51.57,216.62,24.42,10.68,13.79,20.48,14.78,20.78,14.78,580.62,100.6,12,67.65,296.99,38,290.24,38,sPE_BO,1355.59
Parada-Gutierrez 35471257751224,C7,,1257751224,-63.78,-18.58,2011,MO,MO,100403488,Parada-Gutierrez 3547,G.A. Parada|Y. Inturias|Jehizon Teran|D. Soux,15.1,7.2,51.9,216.73,21.2,7.3,13.9,17.35,11.55,17.5,11.55,764.62,134.86,15.47,69,394.06,48.88,388.6,48.88,sPE_BO,1789.73
Parada-Gutierrez 31921257718724,C7,,1257718724,-63.88,-18.81,2011,MO,MO,100370212,Parada-Gutierrez 3192,G.A. Parada|Y. Inturias|M. Betancur,15.81,7.5,51.97,221.65,22.09,7.69,14.4,18.26,12.16,18.26,12.16,887.52,167.25,14.68,73.6,474.6,46.05,474.6,46.05,sPE_BO,1660.3
Parada-Gutierrez 33611257718949,C7,,1257718949,-64.01,-18.56,2011,MO,MO,100370410,Parada-Gutierrez 3361,G.A. Parada|Y. Inturias|M. Betancur,16.06,7.2,52.2,212.13,22.06,8.22,13.85,18.25,12.56,18.37,12.56,659.7,126.12,9.7,74.82,358.5,31.92,357.71,31.92,sPE_BO,1892.5
Parada-Gutierrez 52781257913974,C7,,1257913974,-64.1,-18.82,2013,MO,MO,100569226,Parada-Gutierrez 5278,G.A. Parada|Y. Inturias|M.T. Martinez|H. Fernandez,15.05,7.6,52.59,217.58,21.34,6.83,14.5,17.23,11.53,17.45,11.53,654.8,134.99,6.75,84,383.24,21.25,371.17,21.25,sPE_BO,1861.47
Parada-Gutierrez 29841257698195,C7,,1257698195,-63.86,-18.84,2011,MO,MO,100349143,Parada-Gutierrez 2984,G.A. Parada|Y. Inturias|S. Carreno|V.D.  Rojas,17.15,7.5,51.86,223.32,23.45,8.95,14.5,19.25,13.45,19.55,13.45,855.88,161.27,12.92,74,457.44,41.75,456.06,41.75,sPE_BO,1373.26
"Gutierrez, J; et al.  444 2514998143",C7,,2514998143,-64.5,-20.73,2004,,Botany,L.3733273,"Gutierrez, J; et al.  444 ",Gutierrez J; et al.,13.12,10.2,52.48,285.22,20.75,1.3,19.4,16.15,8.45,16.15,8.45,860.2,183.58,2,95.72,532.22,8.25,532.22,8.25,sPE_BO,2161.76
Vargas Caballero 3311261255769,C7,,1261255769,-64.1,-18.53,1989,MO,MO,544965,Vargas Caballero 331,Israel G. Vargas C.,15.56,7.2,52.41,209.73,21.46,7.67,13.8,17.56,12.07,17.78,12.07,700.11,137.53,9,78.18,389.9,29,387.23,29,sPE_BO,2055.46
Vargas Caballero 72081257522780,C7,,1257522780,-63.66,-18.26,2005,MO,MO,100165811,Vargas Caballero 7208,Israel G. Vargas C.,17.37,6.9,51.48,210.97,23.22,9.87,13.4,19.6,13.82,19.6,13.82,840.53,145.05,22.15,62.18,422.26,69.63,422.26,69.63,sPE_BO,1352.44
Vargas Caballero 37071258831938,C7,,1258831938,-63.93,-18.65,1994,MO,MO,1598580,Vargas Caballero 3707,Israel G. Vargas C.|V. Vargas,15.15,7.3,52.12,216,21.25,7.2,14,17.5,11.6,17.5,11.6,664.47,126.05,13.23,72,364.92,40.95,364.92,40.95,sPE_BO,2288.32
Penaranda 7001257867249,C7,,1257867249,-64.08,-18.87,2008,MO,MO,100521463,Penaranda 700,J. Alberto  Penaranda|et al.,16.35,7.7,52.49,219.32,22.65,8.03,14.7,18.46,12.75,18.75,12.75,713.09,142.16,7.3,81.7,407.34,22.9,398.4,22.9,sPE_BO,1772.76
Penaranda 7561257884351,C7,,1257884351,-64.08,-18.86,2008,MO,MO,100538698,Penaranda 756,J. Alberto  Penaranda|et al.,15.97,7.7,52.5,219.05,22.27,7.67,14.6,18.07,12.37,18.37,12.37,717.97,143.87,7.23,81.76,411.07,22.69,402.41,22.69,sPE_BO,1643.89
1.01E+14,C7,,1228631394,-64,-21.5,1983,F,Botany,,10120,J. C. Solomon,18.8,8.95,46.85,321.07,26.88,7.78,19.1,22.45,13.58,22.45,13.58,837.71,167.8,4,88.73,476.66,16.75,476.66,16.75,sPE_BO,1186
Caballero 1581258997999,C7,,1258997999,-64.01,-20.36,1999,MO,MO,1752295,Caballero 158,J. Caballero|et al.,19.95,8.9,49.99,276.87,27.39,9.58,17.8,22.99,16.58,22.99,15.38,713.27,141.92,5,86.27,408.57,17,408.57,18,sPE_BO,1177.65
Solomon 101201261256172,C7,,1261256172,-64.53,-22.2,1983,MO,MO,545340,Solomon 10120,James C. Solomon,19.49,9.98,48.18,341.04,27.84,7.14,20.7,23.29,15.29,23.29,13.94,644.51,137.94,3,92,390.84,10,390.84,12,sPE_BO,1075.01
Solomon 103771261256033,C7,,1261256033,-64.27,-21.42,1983,MO,MO,545211,Solomon 10377,James C. Solomon,14.91,9.6,48.98,313.67,22.86,3.33,19.55,18.41,9.81,18.41,9.81,970.21,206.65,2,95,597.41,9,597.41,9,sPE_BO,1823.04
Solomon 111641261256238,C7,,1261256238,-64.43,-22.17,1983,MO,MO,545401,Solomon 11164,James C. Solomon,18.43,9.7,47.52,341.67,26.73,6.3,20.4,22.25,14.2,22.25,12.87,976.52,207.06,4,92.25,587.21,13,587.21,15.25,sPE_BO,1158.89
Villalobos 8991260882396,C7,,1260882396,-64.3,-20.2,2007,MO,MO,3462438,Villalobos 899,Jeaneth Villalobos|M. Jimenez,13.62,9.4,52.2,265.3,20.83,2.83,18,16.12,9.22,16.43,9.22,1007.81,190.83,5,84,558.37,19.93,551.5,19.93,sPE_BO,2066.99
Steinbach G. 37501257686239,C7,,1257686239,-63.82,-18.17,1920,MO,MO,100336920,Steinbach G. 3750,Jose Steinbach,18.2,6.8,51.45,206.96,23.92,10.75,13.2,20.4,14.72,20.4,14.72,583.08,105.95,11.73,68.48,305.15,38.17,305.15,38.17,sPE_BO,1522
Gutierrez Romero 6081260823243,C7,,1260823243,-64.3,-18.97,2004,MO,MO,3408972,Gutierrez Romero 608,Julia Gutierrez R.,15.31,8.07,53.43,217.42,21.61,6.55,15.1,17.41,11.74,17.71,11.74,834.38,173.29,6,86,491.86,19,487.17,19,sPE_BO,1979.16
Gutierrez Romero 4441260775832,C7,,1260775832,-64.5,-20.73,2004,MO,MO,3366058,Gutierrez Romero 444,Julia Gutierrez R.|H. Huaylla|Ariel Lliully|R. Leon|I. Guachalla|E. Portal,13.12,10.2,52.48,285.22,20.74,1.3,19.4,16.14,8.44,16.14,8.44,860.22,183.59,2,95.72,532.23,8.25,532.23,8.25,sPE_BO,2161.83
nan814377899,C7,,814377899,-65.8,-23.92,NA,SI,HERB,433675,,"Legname, P. R.",5.76,11.4,50.9,363.58,15.17,-7.23,22.4,9.11,-0.03,9.61,-0.03,524.23,117.7,3.52,99.88,326.32,10.55,325.23,10.55,sPE_BO,3659.15
Arroyo Padilla 39741257554020,C7,,1257554020,-63.92,-18.68,2008,MO,MO,100200889,Arroyo Padilla 3974,Luzmila Arroyo P.,13.47,7.3,52.18,216.68,19.61,5.52,14.08,15.87,9.91,15.87,9.91,758.48,144.71,14.06,73.55,415.92,43.84,415.92,43.84,sPE_BO,2229.57
Arroyo Padilla 18781259017146,C7,,1259017146,-64.02,-18.67,2002,MO,MO,1769717,Arroyo Padilla 1878,Luzmila Arroyo P.|et al.,16.24,7.4,52.27,214.95,22.34,8.24,14.1,18.34,12.74,18.59,12.74,571.57,112.15,7.48,78.73,322.02,23.96,313.34,23.96,sPE_BO,1819.5
Arroyo Padilla 55941257745846,C7,,1257745846,-64.07,-18.87,2011,MO,MO,100398029,Arroyo Padilla 5594,Luzmila Arroyo P.|G.A. Parada|Y. Inturias|Jehizon Teran|D. Soux|R. Garcia|C. Roth,16.45,7.7,52.44,219.43,22.74,8.14,14.69,18.61,12.84,18.85,12.84,746.12,147.85,7.65,81.35,426.76,23.95,414.85,23.95,sPE_BO,1597.46
Arroyo Padilla 57271257748141,C7,,1257748141,-64.11,-18.56,2011,MO,MO,100400404,Arroyo Padilla 5727,Luzmila Arroyo P.|G.A. Parada|Y. Inturias|Jehizon Teran|D. Soux|R. Garcia|C. Roth,13.85,7.3,52.5,210.52,19.84,5.95,13.89,15.94,10.41,16.14,10.41,747.15,146.94,8.5,79.92,425.65,28.03,411.86,28.03,sPE_BO,2049.83
Arroyo Padilla 38711257675337,C7,,1257675337,-63.9,-18.75,2008,MO,MO,100325808,Arroyo Padilla 3871,Luzmila Arroyo P.|Luis Huaylla|A. Villalba|J.P. Heredia|Eneida Zurita|E. Torrez,15.86,7.4,52,219.44,22.12,7.86,14.3,18.02,12.26,18.26,12.26,637.3,121.84,10.6,76,349.03,32.81,342.74,32.81,sPE_BO,1553
Arroyo Padilla 33661260738116,C7,,1260738116,-63.67,-18.27,2006,MO,MO,3331982,Arroyo Padilla 3366,Luzmila Arroyo P.|Maribel Vargas C.|Ivan Linneo|C. Roth,18.59,6.9,51.36,212,24.49,11.07,13.41,20.87,15.06,20.87,15.06,707.46,125.56,18.52,63.61,363.59,58.12,363.59,58.12,sPE_BO,1524.37
Arroyo Padilla 45031257663030,C7,,1257663030,-63.82,-18.4,2009,MO,MO,100313417,Arroyo Padilla 4503,Luzmila Arroyo P.|Mary Mendizabal,16.23,7,51.86,211.65,22.13,8.63,13.5,18.53,12.73,18.53,12.73,830.04,152.53,16.62,69.27,438.22,53.85,438.22,53.85,sPE_BO,1947.27
Arroyo Padilla 45861257664490,C7,,1257664490,-63.83,-18.4,2009,MO,MO,100314876,Arroyo Padilla 4586,Luzmila Arroyo P.|Mary Mendizabal,16.3,7,51.89,211.62,22.2,8.7,13.5,18.6,12.8,18.6,12.8,820.75,150.88,16.28,69.3,432.93,52.85,432.93,52.85,sPE_BO,1915.89
Arroyo Padilla 42161257652529,C7,,1257652529,-63.9,-18.76,2009,MO,MO,100302823,Arroyo Padilla 4216,Luzmila Arroyo P.|S. Carreno|Y. Inturias|C. Roth|Julio Davalos,16.35,7.4,51.96,220.01,22.59,8.29,14.3,18.45,12.74,18.75,12.74,617.07,118.75,9.08,76.38,339.14,29.17,333.34,29.17,sPE_BO,1544.79
Arroyo Padilla 60791257788100,C7,,1257788100,-64.02,-19,2011,MO,MO,100440924,Arroyo Padilla 6079,Luzmila Arroyo P.|Y. Inturias|M. Betancur|D. Levy|M.T. Martinez|G. Toledo,16.11,7.8,52.3,224.69,22.51,7.61,14.9,18.61,12.41,18.61,12.41,897.34,176.67,10.88,79.12,502.04,34.47,502.04,34.47,sPE_BO,1622.06
Arroyo Padilla 59311257788154,C7,,1257788154,-63.98,-18.55,2011,MO,MO,100440976,Arroyo Padilla 5931,Luzmila Arroyo P.|Y. Inturias|M. Betancur|M.T. Martinez|G. Toledo,15.98,7.2,52.13,212.77,21.95,8.08,13.8,18.28,12.38,18.28,12.38,562.52,108.43,10.69,73.31,311.28,33.39,311.28,33.39,sPE_BO,2134.91
4.80E+14,C7,,1929910814,-63.8,-18.13,1998,NY,NY,306089,48044,M. H. Nee,16.42,6.71,51.6,205.35,22.12,9.02,13.1,18.56,12.96,18.56,12.96,596.34,103.55,12.52,67.04,301.62,39.99,301.62,39.99,sPE_BO,1622.45
4.92E+14,C7,,1928648497,-63.68,-18.22,1998,NY,NY,309536,49179,M. H. Nee,18.31,6.88,51.31,210.28,24.2,10.81,13.3,20.59,14.8,20.59,14.8,953.75,166.35,24.92,62.88,483.13,78.75,483.13,78.75,sPE_BO,1501.06
3.84E+14,C7,,1836719810,-64.03,-18.65,1989,US,Botany,3339957,38387,M. Nee,14.2,7.4,52.4,214.03,20.3,6.25,14.05,16.32,10.7,16.55,10.7,679.08,133.54,9.64,78.36,378.51,30.45,375.28,30.45,sPE_BO,2021.25
Vargas Contreras 1431260563241,C7,,1260563241,-63.67,-18.29,2006,MO,MO,3173587,Vargas Contreras 143,Maribel Vargas C.,18.72,6.9,51.32,212.52,24.63,11.19,13.48,20.99,15.19,20.99,15.19,715.69,129.38,19.75,64,373.88,61.06,373.88,61.06,sPE_BO,1486.79
Saldias Paz 3351258831916,C7,,1258831916,-64,-18.53,1988,MO,MO,1598556,Saldias Paz 335,Mario Saldias P.,15.64,7.2,52.2,211.77,21.56,7.81,13.8,17.94,12.14,17.94,12.14,706.47,135.8,12.52,73,389.4,40.03,389.4,40.03,sPE_BO,1872.25
Saldias Paz 3601258831894,C7,,1258831894,-63.85,-18.53,1989,MO,MO,1598554,Saldias Paz 360,Mario Saldias P.,16.19,7.15,51.9,214.57,22.19,8.44,13.8,18.24,12.64,18.51,12.64,546.21,100.03,10,71.48,287.07,32,285.84,32,sPE_BO,1971.26
Serrano 51551260822350,C7,,1260822350,-64.53,-22.01,2004,MO,MO,3408173,Serrano 5155,Martha Serrano,16.4,10.1,49.03,332.83,24.63,4.09,20.55,20.09,10.99,20.09,10.99,1013.25,222.72,3,97,637.04,9,637.04,9,sPE_BO,1525.38
Serrano 6951258831918,C7,,1258831918,-64.3,-19.1,1994,MO,MO,1598559,Serrano 695,Martha Serrano,14.75,8.25,53.42,222.14,21.2,5.78,15.42,16.88,11.1,17.18,11.1,786.15,166.22,4,89.48,473.62,12.75,464.88,12.75,sPE_BO,2195
Serrano 12661258831930,C7,,1258831930,-64.37,-20.83,NA,MO,MO,1598562,Serrano 1266,Martha Serrano|et al.,16.34,9.85,51.3,289.21,24.02,4.79,19.2,19.49,11.59,19.49,11.59,955.63,197.41,3,92,571.51,12.25,571.51,12.25,sPE_BO,1666.85
Serrano 75451260714706,C7,,1260714706,-64.3,-21.77,2006,MO,MO,3310820,Serrano 7545,Martha Serrano|Jeaneth Villalobos,15.19,9.54,48.1,326.48,23.29,3.43,19.84,18.87,11.09,18.87,9.89,1092.75,231.84,4,93.17,664.94,14,664.94,15,sPE_BO,1750.43
Serrano 62981260819291,C7,,1260819291,-64.35,-22.02,2005,MO,MO,3405395,Serrano 6298,Martha Serrano|Jeaneth Villalobos|A. Villalobos|Ariel Lliully|H. Huaylla,19.19,9.6,47.4,337.28,27.46,7.22,20.2,22.99,14.99,22.99,13.69,822.11,174.18,4.28,92,494.85,12.85,494.85,14.85,sPE_BO,908.14
Serrano 69831260647311,C7,,1260647311,-64.04,-20.33,2005,MO,MO,3249345,Serrano 6983,Martha Serrano|Jeaneth Villalobos|Ariel Lliully|J. Alberto  Penaranda|Reinaldo Lozano,16.57,8.95,50.4,274.44,23.97,6.22,17.8,19.57,12.07,19.57,12.07,1033.6,204.33,6.54,86,587.99,24.52,587.99,24.52,sPE_BO,1519.44
Serrano 56601260822860,C7,,1260822860,-64.42,-22.15,2005,MO,MO,3408505,Serrano 5660,Martha Serrano|Jeaneth Villalobos|H. Huaylla|Ariel Lliully|E. Portal,18.8,9.7,47.42,341.35,27.13,6.73,20.4,22.65,14.58,22.65,13.28,788.72,168.21,3.75,91.73,476.93,12.5,476.93,15,sPE_BO,652.55
Serrano 48541260736814,C7,,1260736814,-64.61,-22.2,2004,MO,MO,3330811,Serrano 4854,Martha Serrano|S. P. Churchill|Jeaneth Villalobos|D. Villarroel|Oscar Llanque,14.97,10.2,49.02,338.94,23.27,2.53,20.71,18.75,10.77,18.75,9.51,925.47,205.39,4,95.65,580.99,14.23,580.99,18.33,sPE_BO,1612.76
Nee 383871258762297,C7,,1258762297,-64.03,-18.65,1989,MO,MO,1534587,Nee 38387,Michael H. Nee,13.96,7.4,52.4,213.95,20.06,6.01,14.05,16.2,10.46,16.33,10.46,704.31,138.31,10.23,77.77,392.22,32.43,390.4,32.43,sPE_BO,2080.19
Nee 385411258765252,C7,,1258765252,-64.11,-18.49,NA,MO,MO,1537213,Nee 38541,Michael H. Nee,15.62,7.2,52.4,208.53,21.51,7.81,13.7,17.77,12.21,17.91,12.21,711.39,139.03,10,77.49,394.58,32.32,393.53,32.32,sPE_BO,1994.35
Nee 407451258749159,C7,,1258749159,-63.83,-18.18,1991,MO,MO,1522638,Nee 40745,Michael H. Nee,16.74,6.8,51.67,206.36,22.49,9.32,13.12,18.79,13.32,18.94,13.32,705.44,125.42,13,69,363.46,42.75,362.25,42.75,sPE_BO,1777.24
Nee 493281258757168,C7,,1258757168,-63.95,-18.11,NA,MO,MO,1529886,Nee 49328,Michael H. Nee,18.2,6.7,51.53,203.54,23.8,10.8,13,20.33,14.8,20.33,14.8,526.55,101.72,10.78,71.75,293.4,33.85,293.4,33.85,sPE_BO,1673.04
Nee 553931257502797,C7,,1257502797,-63.57,-18.12,2007,MO,MO,100140800,Nee 55393,Michael H. Nee|Fabian A. Michelangeli|Oscar Colque|R. Flores S.|D. McClelland|S. Stern,18.5,6.8,51.2,209.55,24.32,11.02,13.31,20.63,16.03,20.63,14.93,908.77,144.58,28.03,55.19,425.84,84.48,425.84,89.1,sPE_BO,1244.8
Nee 374881258765203,C7,,1258765203,-64.1,-18.53,1988,MO,MO,1537033,Nee 37488,Michael H. Nee|Israel G. Vargas C.,15.39,7.2,52.42,209.72,21.29,7.51,13.8,17.39,11.91,17.63,11.91,711.28,139.62,9,78.48,397.75,29,392.88,29,sPE_BO,2051.25
Nee 362391258762935,C7,,1258762935,-64.03,-18.53,1988,MO,MO,1535157,Nee 36239,Michael H. Nee|Mario Saldias P.,15.12,7.2,52.25,211.05,21.1,7.3,13.8,17.19,11.62,17.42,11.62,751.47,144.94,10.45,76.52,412.19,33.86,408.59,33.86,sPE_BO,1950.7
Nee 576831257886995,C7,,1257886995,-64.15,-18.71,2011,MO,MO,100541310,Nee 57683,Michael H. Nee|Moises Mendoza,12.99,7.5,52.72,214.07,19.11,4.88,14.28,15.38,9.49,15.38,9.49,737.62,144.25,10,78,414.36,31.12,414.36,31.12,sPE_BO,2279.13
Nee 361741258761628,C7,,1258761628,-63.98,-18.55,1988,MO,MO,1533977,Nee 36174,Michael H. Nee|Paolo Bettella|Mario Saldias P.,15.72,7.2,52.18,212.52,21.7,7.88,13.8,18.02,12.18,18.02,12.18,568.51,109.45,10.5,73.23,314.09,33.25,314.09,33.25,sPE_BO,2121.29
Mendoza 3971260654421,C7,,1260654421,-64.12,-18.5,2003,MO,MO,3255903,Mendoza 397,Moises Mendoza|Eliana Calzadilla,14.84,7.2,52.42,208.77,20.71,7.01,13.7,16.86,11.4,17.1,11.4,758.36,148.06,10.34,78,422.62,33.32,418.47,33.32,sPE_BO,2074.5
Ahumada 85611259759359,C7,,1259759359,-64.9,-23.67,1998,MO,MO,2444714,Ahumada 8561,O. Ahumada|J. Aguero,13.43,9.7,45.33,384.85,22.07,0.63,21.45,17.27,8.65,17.77,7.23,1212.9,271.44,9.73,94.75,751.25,29.72,740.29,31.99,sPE_BO,1831.66
Apaza 2331260862990,C7,,1260862990,-64.09,-20.22,2008,MO,MO,3444720,Apaza 233,O. Apaza|P. Apaza|S. Apaza,19.04,9,50.86,268.54,26.37,8.67,17.7,21.97,14.97,21.97,14.59,619.88,121.31,5,84.55,348.07,17.65,348.07,18,sPE_BO,1390.98
Morrone 35011259596056,C7,,1259596056,-64.9,-23.67,1998,MO,MO,2296350,Morrone 3501,Osvaldo Morrone,13.43,9.7,45.32,384.85,22.08,0.63,21.45,17.28,8.65,17.78,7.23,1212.87,271.43,9.73,94.75,751.23,29.72,740.27,31.98,sPE_BO,1831.49
3896nan,C7,new_name_2-PWS_3896,NA,-63.65,-18.12,NA,Yale Peabody Museum,YU.254766,6855,3896,Patrick W. Sweeney,20.28,6.8,50.99,209.79,26.13,12.82,13.3,22.43,16.73,22.43,16.73,658.28,108.97,18.33,59.05,319.87,58.88,319.87,58.88,sPE_BO,1001.68
3897nan,C7,new_name_2-PWS_3897,NA,-63.84,-18.17,NA,Yale Peabody Museum,YU.254767,6858,3897,Patrick W. Sweeney,17.29,6.8,51.61,206.28,22.99,9.89,13.1,19.47,13.8,19.49,13.8,558.63,100.4,10.23,69.47,289.75,33.68,289.51,33.68,sPE_BO,1624.39
3900nan,C7,new_name_2-PWS_3900,NA,-64.11,-18.57,NA,Yale Peabody Museum,YU.254770,6859,3900,Patrick W. Sweeney,14.05,7.3,52.51,210.61,20.03,6.13,13.9,16.07,10.57,16.33,10.57,711.58,140.02,8.05,80.22,408.65,26.27,390.5,26.27,sPE_BO,2036.49
3910nan,C7,new_name_2-PWS_3910,NA,-64.57,-22.03,NA,Yale Peabody Museum,YU.254780,6870,3910,Patrick W. Sweeney,14.87,10.18,49.29,333.38,23.08,2.48,20.6,18.53,9.43,18.53,9.43,1037.95,230.76,3,97.92,658.37,9,658.37,9,sPE_BO,1754.56
3912nan,C7,new_name_2-PWS_3912,NA,-64.33,-21.45,NA,Yale Peabody Museum,YU.254782,6872,3912,Patrick W. Sweeney,13.6,9.7,49.3,314.58,21.55,1.85,19.7,17.14,8.5,17.14,8.5,946.52,205.28,2,96.62,593.82,7.5,593.82,7.5,sPE_BO,2132.2
3913nan,C7,new_name_2-PWS_3913,NA,-64.22,-21.46,NA,Yale Peabody Museum,YU.254783,6874,3913,Patrick W. Sweeney,15.32,9.4,48.5,315.82,23.32,3.82,19.5,18.82,10.22,18.82,10.22,1113.67,233.79,3,93.06,673.42,12.94,673.42,12.94,sPE_BO,1738.11
1.34E+14,C7,,2452940197,-64.73,-22.36,2007,Instituto de Botanica,SP,472426,13413,"Queiroz, LP; et al.",15.59,10.4,49.45,342.88,23.98,2.89,21.06,19.38,11.39,19.38,10.08,799.59,174.26,4,94.12,492.6,13.35,492.6,15.06,sPE_BO,2170.38
nan417089428,C7,,417089428,-64.22,-23.37,NA,CTES,HERB,80909,,"Schinini, A.",22.3,8.7,41.31,401.26,31.39,10.3,21,26.98,17.5,26.98,15.8,908.87,184.1,6,85,511.31,20,511.31,26,sPE_BO,288.81
Villarroel Segarra 4081257522751,C7,,1257522751,-63.91,-18.06,2006,MO,MO,100165792,Villarroel Segarra 408,D. Villarroel|Michael H. Nee|M. Condon,14.04,6.7,51.9,201.29,19.64,6.79,12.85,16.19,10.69,16.19,10.69,934.04,171.68,17.98,69.35,494.91,58.44,494.91,58.44,sPE_BO,2036.19
Villarroel Segarra 14871257522758,C7,,1257522758,-63.67,-18.24,2007,MO,MO,100165802,Villarroel Segarra 1487,D. Villarroel|N. Vargas|N. Vega|G. Cordova|O. Apaza|A. Yanana,17.05,6.9,51.5,210.17,22.93,9.55,13.33,19.27,13.53,19.27,13.53,944.86,163.86,25.04,62.34,476.39,79.11,476.39,79.11,sPE_BO,1378.57
Vargas Caballero 72621257522747,C7,,1257522747,-63.91,-18.08,2005,MO,MO,100165788,Vargas Caballero 7262,Israel G. Vargas C.|A. Vargas|D. Cuchallo,14.96,6.7,51.8,201.91,20.55,7.65,12.9,17.15,11.56,17.15,11.56,679.8,126.24,13.35,70.17,364.12,42.3,364.12,42.3,sPE_BO,2058.38
Vargas Caballero 2091-B1258831936,C7,,1258831936,-63.87,-18.03,1993,MO,MO,1598583,Vargas Caballero 2091-B,Israel G. Vargas C.|et al.,17.17,6.7,51.45,202.81,22.77,9.87,12.92,19.27,13.77,19.27,13.77,711.74,131.64,17.3,67,382.12,53.66,382.12,53.66,sPE_BO,1839.31
Arroyo Padilla 34051260832635,C7,,1260832635,-63.66,-18.24,2006,MO,MO,3417355,Arroyo Padilla 3405,Luzmila Arroyo P.|Maribel Vargas C.|Ivan Linneo|C. Roth,16.79,6.9,51.5,210.03,22.69,9.29,13.3,19.04,13.29,19.04,13.29,937.32,161.65,24.85,61.98,470.56,78.53,470.56,78.53,sPE_BO,1280.97
Nee 406481258747548,C7,,1258747548,-63.92,-18.07,1991,MO,MO,1521185,Nee 40648,Michael H. Nee,14.57,6.7,51.83,201.69,20.14,7.24,12.9,16.67,11.17,16.67,11.17,847.64,157.75,16.27,70,454.47,52.84,454.47,52.84,sPE_BO,2115.77
Nee 406951258748244,C7,,1258748244,-63.92,-18.08,1991,MO,MO,1521811,Nee 40695,Michael H. Nee,15.29,6.7,51.8,202.16,20.89,7.99,12.9,17.46,11.89,17.46,11.89,664.7,124.64,12.75,70.73,359.19,40.98,359.19,40.98,sPE_BO,1982.36
Nee 420391258764258,C7,,1258764258,-63.95,-18.11,NA,MO,MO,1536122,Nee 42039,Michael H. Nee,18.2,6.7,51.53,203.54,23.8,10.8,13,20.33,14.8,20.33,14.8,526.55,101.72,10.78,71.75,293.4,33.85,293.4,33.85,sPE_BO,1673.04
4.54E+14,C7,,1936555133,-63.9,-18.07,1994,MA,MA,MA-01-00630562,45354,Michael Nee,14.22,6.7,51.9,201.59,19.82,6.95,12.88,16.35,10.85,16.35,10.85,888.81,162.38,17.04,69.49,468.09,55.39,468.09,55.39,sPE_BO,2051.8
